-42582,0
-42399,0
-42229,0
-42021,0
-41863,0
-41825,0
-41802,0
-41725,0
-41579,0
-41482,0
-41576,0
-41788,0
-41989,0
-42115,0
-42196,0
-42299,0
-42358,0
-42368,0
-42395,0
-42439,0
-42434,0
-42281,0
-42076,0
-41916,0
-41783,0
-41699,0
-41627,0
-41567,0
-41531,0
-41518,0
-41554,0
-41603,0
-41650,0
-41699,0
-41755,0
-41838,0
-41898,0
-41955,0
-41995,0
-41935,0
-41864,0
-41826,0
-41807,0
-41797,0
-41808,0
-41864,0
-41885,0
-41920,0
-42054,0
-42229,0
-42358,0
-42424,0
-42557,0
-42712,0
-42757,0
-42802,0
-42871,0
-42847,0
-42699,0
-42585,0
-42594,0
-42565,0
-42511,0
-42493,0
-42467,0
-42497,0
-42551,0
-42551,0
-42525,0
-42474,0
-42390,0
-42358,0
-42462,0
-42627,0
-42694,0
-42630,0
-42544,0
-42493,0
-42371,0
-42250,0
-42242,0
-42164,0
-42056,0
-42007,0
-41928,0
-41856,0
-41780,0
-41689,0
-41637,0
-41613,0
-41674,0
-41874,0
-42147,0
-42358,0
-42481,0
-42555,0
-42584,0
-42681,0
-42796,0
-42841,0
-42918,0
-42882,0
-42703,0
-42561,0
-42426,0
-42286,0
-42172,0
-42085,0
-42056,0
-42150,0
-42305,0
-42367,0
-42391,0
-42464,0
-42594,0
-42733,0
-42805,0
-42825,0
-42681,0
-42449,0
-42396,0
-42383,0
-42259,0
-42086,0
-41907,0
-41727,0
-41553,0
-41485,0
-41543,0
-41595,0
-41505,0
-41356,0
-41335,0
-41457,0
-41699,0
-41935,0
-41994,0
-41975,0
-41932,0
-41913,0
-42068,0
-42256,0
-42276,0
-42117,0
-41936,0
-41852,0
-41776,0
-41704,0
-41714,0
-41765,0
-41794,0
-41847,0
-42022,0
-42239,0
-42374,0
-42421,0
-42414,0
-42520,0
-42741,0
-42873,0
-42914,0
-42916,0
-42876,0
-42762,0
-42615,0
-42529,0
-42438,0
-42317,0
-42213,0
-42130,0
-42088,0
-42067,0
-42094,0
-42190,0
-42263,0
-42232,0
-42169,0
-42224,0
-42290,0
-42294,0
-42335,0
-42284,0
-42122,0
-41995,0
-41963,0
-41999,0
-41995,0
-41955,0
-41972,0
-42072,0
-42165,0
-42209,0
-42307,0
-42404,0
-42395,0
-42310,0
-42205,0
-42156,0
-42149,0
-42090,0
-41962,0
-41830,0
-41690,0
-41480,0
-41380,0
-41468,0
-41496,0
-41405,0
-41368,0
-41469,0
-41611,0
-41735,0
-41937,0
-42150,0
-42259,0
-42339,0
-42479,0
-42698,0
-42820,0
-42714,0
-42561,0
-42435,0
-42228,0
-41979,0
-41860,0
-41839,0
-41708,0
-41511,0
-41478,0
-41625,0
-41751,0
-41806,0
-41941,0
-42165,0
-42351,0
-42464,0
-42587,0
-42704,0
-42658,0
-42588,0
-42715,0
-42877,0
-42893,0
-42784,0
-42692,0
-42665,0
-42657,0
-42665,0
-42612,0
-42565,0
-42550,0
-42476,0
-42450,0
-42429,0
-42311,0
-42145,0
-42012,0
-41990,0
-41888,0
-41642,0
-41454,0
-41324,0
-41186,0
-41028,0
-40943,0
-40979,0
-41013,0
-41029,0
-41096,0
-41203,0
-41266,0
-41308,0
-41486,0
-41750,0
-41944,0
-42058,0
-42091,0
-42084,0
-42049,0
-42026,0
-42119,0
-42196,0
-42096,0
-41864,0
-41727,0
-41777,0
-41825,0
-41820,0
-41852,0
-41954,0
-42086,0
-42188,0
-42384,0
-42735,0
-43063,0
-43306,0
-43531,0
-43708,0
-43744,0
-43759,0
-43864,0
-43922,0
-43898,0
-43736,0
-43480,0
-43350,0
-43236,0
-42965,0
-42704,0
-42607,0
-42504,0
-42341,0
-42303,0
-42253,0
-42066,0
-41911,0
-41805,0
-41723,0
-41598,0
-41459,0
-41482,0
-41529,0
-41432,0
-41284,0
-41261,0
-41346,0
-41389,0
-41443,0
-41573,0
-41711,0
-41781,0
-41818,0
-41934,0
-42118,0
-42260,0
-42242,0
-42163,0
-42225,0
-42232,0
-42060,0
-41932,0
-41886,0
-41840,0
-41719,0
-41592,0
-41602,0
-41627,0
-41603,0
-41673,0
-41816,0
-41841,0
-41764,0
-41808,0
-41977,0
-42076,0
-42032,0
-42002,0
-42106,0
-42100,0
-41932,0
-41864,0
-41897,0
-41888,0
-41782,0
-41735,0
-41819,0
-41845,0
-41839,0
-41960,0
-42123,0
-42155,0
-42151,0
-42250,0
-42338,0
-42336,0
-42256,0
-42212,0
-42263,0
-42186,0
-42050,0
-42067,0
-42085,0
-41983,0
-41810,0
-41756,0
-41867,0
-41971,0
-42091,0
-42299,0
-42498,0
-42576,0
-42676,0
-42960,0
-43200,0
-43249,0
-43259,0
-43316,0
-43387,0
-43356,0
-43249,0
-43137,0
-42889,0
-42549,0
-42285,0
-42143,0
-42059,0
-41939,0
-41821,0
-41782,0
-41767,0
-41617,0
-41437,0
-41497,0
-41652,0
-41704,0
-41690,0
-41620,0
-41584,0
-41615,0
-41667,0
-41694,0
-41703,0
-41807,0
-41862,0
-41853,0
-41997,0
-42173,0
-42291,0
-42442,0
-42545,0
-42560,0
-42659,0
-42878,0
-43054,0
-43140,0
-43112,0
-42948,0
-42755,0
-42609,0
-42597,0
-42668,0
-42580,0
-42323,0
-42085,0
-41993,0
-41976,0
-41942,0
-42040,0
-42279,0
-42418,0
-42492,0
-42685,0
-42901,0
-42942,0
-42839,0
-42740,0
-42695,0
-42679,0
-42619,0
-42560,0
-42450,0
-42144,0
-41872,0
-41780,0
-41758,0
-41691,0
-41490,0
-41278,0
-41200,0
-41274,0
-41382,0
-41456,0
-41587,0
-41652,0
-41627,0
-41674,0
-41761,0
-41842,0
-41821,0
-41700,0
-41613,0
-41527,0
-41444,0
-41386,0
-41414,0
-41512,0
-41536,0
-41518,0
-41524,0
-41641,0
-41941,0
-42219,0
-42409,0
-42595,0
-42632,0
-42521,0
-42532,0
-42734,0
-42877,0
-42821,0
-42653,0
-42414,0
-42173,0
-42010,0
-41966,0
-42016,0
-42022,0
-41938,0
-41836,0
-41808,0
-41869,0
-41969,0
-42142,0
-42326,0
-42382,0
-42324,0
-42235,0
-42224,0
-42256,0
-42293,0
-42305,0
-42211,0
-42087,0
-41940,0
-41842,0
-41879,0
-41893,0
-41922,0
-42052,0
-42155,0
-42200,0
-42325,0
-42560,0
-42753,0
-42911,0
-43028,0
-42991,0
-42879,0
-42728,0
-42635,0
-42649,0
-42543,0
-42259,0
-41936,0
-41712,0
-41559,0
-41432,0
-41425,0
-41446,0
-41438,0
-41467,0
-41550,0
-41727,0
-41907,0
-42005,0
-42045,0
-42105,0
-42279,0
-42402,0
-42421,0
-42460,0
-42394,0
-42246,0
-42193,0
-42203,0
-42164,0
-42042,0
-41919,0
-41884,0
-41919,0
-41926,0
-41929,0
-42013,0
-42062,0
-42041,0
-42030,0
-41947,0
-41833,0
-41804,0
-41898,0
-42074,0
-42122,0
-41965,0
-41792,0
-41816,0
-41962,0
-42043,0
-42105,0
-42229,0
-42394,0
-42508,0
-42597,0
-42826,0
-43081,0
-43216,0
-43268,0
-43241,0
-43181,0
-43120,0
-43119,0
-43130,0
-42970,0
-42692,0
-42446,0
-42291,0
-42220,0
-42193,0
-42136,0
-42021,0
-41954,0
-41981,0
-42070,0
-42162,0
-42219,0
-42282,0
-42279,0
-42206,0
-42164,0
-42121,0
-42182,0
-42292,0
-42153,0
-41901,0
-41828,0
-41925,0
-41971,0
-41891,0
-41864,0
-41881,0
-41850,0
-41827,0
-41862,0
-41912,0
-41900,0
-41944,0
-42045,0
-41989,0
-41808,0
-41655,0
-41646,0
-41655,0
-41531,0
-41401,0
-41270,0
-41174,0
-41206,0
-41241,0
-41250,0
-41297,0
-41378,0
-41483,0
-41637,0
-41822,0
-41970,0
-42166,0
-42439,0
-42646,0
-42748,0
-42743,0
-42738,0
-42822,0
-42825,0
-42721,0
-42676,0
-42736,0
-42771,0
-42730,0
-42631,0
-42445,0
-42348,0
-42433,0
-42490,0
-42516,0
-42570,0
-42502,0
-42330,0
-42297,0
-42401,0
-42390,0
-42299,0
-42293,0
-42266,0
-42087,0
-41880,0
-41845,0
-41826,0
-41647,0
-41524,0
-41566,0
-41630,0
-41652,0
-41667,0
-41728,0
-41831,0
-41913,0
-41946,0
-42031,0
-42173,0
-42132,0
-41981,0
-41956,0
-41978,0
-41979,0
-41995,0
-42020,0
-41944,0
-41828,0
-41864,0
-41984,0
-42129,0
-42291,0
-42436,0
-42590,0
-42733,0
-42889,0
-43018,0
-43037,0
-43052,0
-43105,0
-43170,0
-43202,0
-43174,0
-43097,0
-42882,0
-42653,0
-42594,0
-42606,0
-42604,0
-42595,0
-42489,0
-42283,0
-42187,0
-42235,0
-42210,0
-42107,0
-42074,0
-42085,0
-42056,0
-41973,0
-41864,0
-41728,0
-41561,0
-41390,0
-41247,0
-41219,0
-41256,0
-41237,0
-41214,0
-41210,0
-41197,0
-41266,0
-41452,0
-41624,0
-41755,0
-41858,0
-41806,0
-41725,0
-41804,0
-41880,0
-41904,0
-41941,0
-41920,0
-41771,0
-41532,0
-41479,0
-41653,0
-41729,0
-41653,0
-41654,0
-41781,0
-41896,0
-42026,0
-42253,0
-42431,0
-42496,0
-42539,0
-42665,0
-42872,0
-42938,0
-42890,0
-42887,0
-42816,0
-42671,0
-42594,0
-42614,0
-42627,0
-42560,0
-42514,0
-42606,0
-42787,0
-42904,0
-42932,0
-42968,0
-43029,0
-43068,0
-43108,0
-43153,0
-43080,0
-42857,0
-42679,0
-42617,0
-42544,0
-42361,0
-42109,0
-41976,0
-41916,0
-41794,0
-41713,0
-41703,0
-41660,0
-41565,0
-41549,0
-41679,0
-41780,0
-41763,0
-41701,0
-41711,0
-41838,0
-41911,0
-41904,0
-41880,0
-41739,0
-41532,0
-41450,0
-41601,0
-41813,0
-41794,0
-41638,0
-41619,0
-41775,0
-42003,0
-42242,0
-42440,0
-42526,0
-42532,0
-42483,0
-42475,0
-42613,0
-42673,0
-42570,0
-42463,0
-42323,0
-42089,0
-41898,0
-41958,0
-42104,0
-42041,0
-41889,0
-41856,0
-41916,0
-41994,0
-42141,0
-42386,0
-42585,0
-42663,0
-42643,0
-42589,0
-42599,0
-42603,0
-42577,0
-42553,0
-42455,0
-42293,0
-42152,0
-42071,0
-41988,0
-41889,0
-41849,0
-41842,0
-41845,0
-41915,0
-42099,0
-42339,0
-42482,0
-42458,0
-42318,0
-42237,0
-42276,0
-42255,0
-42208,0
-42210,0
-42123,0
-41913,0
-41722,0
-41671,0
-41643,0
-41623,0
-41712,0
-41777,0
-41792,0
-41789,0
-41767,0
-41841,0
-41961,0
-42052,0
-42136,0
-42211,0
-42211,0
-42056,0
-41959,0
-41956,0
-41848,0
-41758,0
-41800,0
-41897,0
-41893,0
-41780,0
-41719,0
-41740,0
-41822,0
-41891,0
-41917,0
-42004,0
-42132,0
-42187,0
-42151,0
-42152,0
-42184,0
-42063,0
-41923,0
-41924,0
-41926,0
-41853,0
-41800,0
-41852,0
-41820,0
-41651,0
-41671,0
-41896,0
-42044,0
-42083,0
-42195,0
-42394,0
-42577,0
-42777,0
-42901,0
-42902,0
-42954,0
-42984,0
-42968,0
-42984,0
-42958,0
-42935,0
-42967,0
-43007,0
-42934,0
-42775,0
-42759,0
-42844,0
-42876,0
-42888,0
-42919,0
-42953,0
-42924,0
-42867,0
-42847,0
-42808,0
-42702,0
-42550,0
-42399,0
-42187,0
-41903,0
-41687,0
-41561,0
-41465,0
-41328,0
-41178,0
-41098,0
-41061,0
-41081,0
-41135,0
-41161,0
-41228,0
-41341,0
-41392,0
-41373,0
-41404,0
-41497,0
-41540,0
-41564,0
-41540,0
-41420,0
-41330,0
-41349,0
-41475,0
-41554,0
-41474,0
-41444,0
-41590,0
-41764,0
-41890,0
-42046,0
-42182,0
-42156,0
-42101,0
-42189,0
-42366,0
-42507,0
-42514,0
-42460,0
-42381,0
-42264,0
-42213,0
-42250,0
-42341,0
-42394,0
-42403,0
-42500,0
-42642,0
-42717,0
-42733,0
-42838,0
-43076,0
-43211,0
-43180,0
-43120,0
-43132,0
-43213,0
-43199,0
-43132,0
-43066,0
-42889,0
-42663,0
-42462,0
-42341,0
-42319,0
-42330,0
-42360,0
-42356,0
-42229,0
-42062,0
-42054,0
-42219,0
-42359,0
-42374,0
-42278,0
-42155,0
-42082,0
-42005,0
-41961,0
-41911,0
-41710,0
-41459,0
-41316,0
-41303,0
-41290,0
-41176,0
-41116,0
-41135,0
-41092,0
-41053,0
-41185,0
-41459,0
-41639,0
-41644,0
-41633,0
-41705,0
-41792,0
-41863,0
-42017,0
-42146,0
-42091,0
-41935,0
-41876,0
-42069,0
-42281,0
-42279,0
-42309,0
-42473,0
-42610,0
-42725,0
-42930,0
-43189,0
-43309,0
-43286,0
-43265,0
-43309,0
-43368,0
-43315,0
-43240,0
-43191,0
-43025,0
-42793,0
-42656,0
-42654,0
-42606,0
-42462,0
-42380,0
-42342,0
-42268,0
-42200,0
-42251,0
-42360,0
-42321,0
-42176,0
-42089,0
-42110,0
-42120,0
-41982,0
-41813,0
-41643,0
-41399,0
-41180,0
-41062,0
-41017,0
-40943,0
-40863,0
-40910,0
-41005,0
-40982,0
-40919,0
-40999,0
-41155,0
-41244,0
-41350,0
-41488,0
-41612,0
-41699,0
-41714,0
-41773,0
-41812,0
-41738,0
-41681,0
-41703,0
-41847,0
-41986,0
-42014,0
-42095,0
-42248,0
-42355,0
-42446,0
-42627,0
-42845,0
-42978,0
-43052,0
-43063,0
-43034,0
-43017,0
-42987,0
-42969,0
-42854,0
-42626,0
-42450,0
-42363,0
-42377,0
-42343,0
-42166,0
-42057,0
-42066,0
-42096,0
-42166,0
-42334,0
-42501,0
-42494,0
-42414,0
-42353,0
-42278,0
-42232,0
-42190,0
-42126,0
-41987,0
-41762,0
-41541,0
-41403,0
-41417,0
-41423,0
-41310,0
-41233,0
-41241,0
-41341,0
-41517,0
-41716,0
-41913,0
-42042,0
-42150,0
-42263,0
-42368,0
-42483,0
-42548,0
-42596,0
-42600,0
-42507,0
-42391,0
-42325,0
-42365,0
-42400,0
-42366,0
-42383,0
-42466,0
-42562,0
-42665,0
-42781,0
-42852,0
-42837,0
-42858,0
-42956,0
-43033,0
-42982,0
-42790,0
-42633,0
-42545,0
-42441,0
-42328,0
-42218,0
-42149,0
-42037,0
-41887,0
-41863,0
-41909,0
-41924,0
-41962,0
-42071,0
-42208,0
-42275,0
-42292,0
-42330,0
-42395,0
-42447,0
-42574,1
-43059,1
-44142,1
-46229,1
-49960,1
-55952,1
-64666,1
-75980,1
-89245,1
-103311,1
-116140,1
-125234,1
-128342,1
-123773,1
-110771,1
-89937,1
-63434,1
-34812,1
-8451,1
11286,1
20635,1
17032,1
12,1
-28653,1
-65184,1
-104294,1
-140285,1
-167899,1
-182999,1
-182856,0
-166059,0
-132778,0
-85048,0
-26701,0
37136,0
100675,0
158170,0
204795,0
236990,0
252708,0
251672,0
235255,0
206529,0
169682,0
129179,0
89208,0
52924,0
22104,0
-2945,0
-22993,0
-39163,0
-52602,0
-64223,0
-74602,0
-83916,0
-92009,0
-98643,0
-103470,0
-106129,0
-106458,0
-104782,0
-102101,0
-99586,0
-98304,0
-99060,0
-102020,0
-106732,0
-112306,0
-117844,0
-122684,0
-126150,0
-127613,0
-126715,0
-123501,0
-118405,0
-112190,0
-105989,0
-101000,0
-98041,0
-97374,0
-98924,0
-102468,0
-107331,0
-112537,0
-116977,0
-119341,0
-118303,0
-112790,0
-102504,0
-88039,0
-70581,0
-51737,0
-33238,0
-16602,0
-2887,0
7298,0
13760,0
16819,0
17111,0
15493,0
12916,0
10215,0
8098,0
6805,0
6042,0
5272,0
3949,0
1825,0
-1281,0
-5625,0
-11119,0
-17403,0
-24148,0
-30910,0
-37111,0
-42330,0
-46375,0
-49111,0
-50468,0
-50465,0
-49393,0
-47899,0
-46638,0
-46413,0
-48096,0
-52134,0
-58328,0
-65786,0
-73300,0
-79548,0
-83115,0
-83010,0
-79082,0
-71953,0
-62541,0
-51784,0
-40657,0
-29911,0
-19917,0
-10642,0
-1945,0
6163,0
13723,0
20594,0
26377,0
30480,0
32145,0
30772,0
25883,0
17285,0
5409,0
-8980,0
-25092,0
-42130,0
-59197,0
-75438,0
-90158,0
-102588,0
-111848,0
-116925,0
-116878,0
-111347,0
-100573,0
-85588,0
-68319,0
-51127,0
-36189,0
-24925,0
-18005,0
-15479,0
-16671,0
-20403,0
-25371,0
-30356,0
-34319,0
-36701,0
-37660,0
-37771,0
-37755,0
-38148,0
-39099,0
-40531,0
-42046,0
-43219,0
-43905,0
-44258,0
-44704,0
-45586,0
-47179,0
-49672,0
-52806,0
-55940,0
-58241,0
-58884,0
-57155,0
-52689,0
-45881,0
-37828,0
-30079,0
-24166,0
-21198,0
-21663,0
-25224,0
-31089,0
-38333,0
-46230,0
-54399,0
-62474,0
-70244,0
-77581,0
-84177,0
-89536,0
-92926,0
-93586,0
-90806,0
-84081,0
-73479,0
-59750,0
-44430,0
-29627,0
-17618,0
-10462,0
-9325,0
-14187,0
-23865,0
-36294,0
-49059,0
-59684,0
-66114,0
-67094,0
-62189,0
-51882,0
-37560,0
-21244,0
-5043,0
9279,0
20421,0
27607,0
30440,0
28927,0
23438,0
14531,0
3218,0
-9186,0
-21367,0
-32237,0
-41101,0
-47424,0
-51118,0
-52610,0
-52401,0
-51179,0
-49813,0
-49134,0
-49607,0
-51077,0
-52998,0
-54618,0
-55079,0
-53537,0
-49544,0
-43371,0
-35655,0
-27397,0
-20047,0
-15218,0
-14199,0
-17384,0
-24574,0
-35238,0
-48215,0
-62009,0
-75249,0
-86785,0
-95648,0
-101087,0
-102740,0
-100582,0
-94809,0
-85780,0
-74254,0
-61483,0
-48767,0
-37440,0
-28760,0
-23611,0
-22329,0
-24437,0
-29065,0
-35304,0
-42012,0
-48098,0
-52926,0
-56263,0
-58058,0
-58390,0
-57539,0
-55825,0
-53515,0
-50719,0
-47583,0
-44538,0
-41860,0
-39661,0
-38097,0
-37339,0
-37565,0
-38694,0
-40490,0
-42702,0
-44789,0
-46061,0
-46052,0
-44566,0
-41619,0
-37591,0
-33221,0
-29244,0
-26213,0
-24377,0
-23794,0
-24409,0
-25850,0
-27800,0
-30345,0
-34028,0
-39662,0
-47837,0
-58786,0
-72085,0
-86226,0
-98942,0
-107808,0
-110662,0
-105937,0
-93130,0
-73112,0
-47913,0
-20509,0
5474,0
26043,0
37254,0
36015,0
20393,0
-10116,0
-54091,0
-107800,0
-165267,0
-219272,0
-262375,0
-287787,0
-290413,0
-267700,0
-220124,0
-151046,0
-66505,0
25055,0
114100,0
191668,0
250741,0
287064,0
299523,0
290314,0
264082,0
226657,0
184000,0
141457,0
103379,0
72609,0
50528,0
37402,0
32322,0
33319,0
37722,0
42688,0
45469,0
43428,0
34486,0
17567,0
-7102,0
-38130,0
-73185,0
-109034,0
-142512,0
-171232,0
-193481,0
-208138,0
-214570,0
-212942,0
-204158,0
-189499,0
-170806,0
-150389,0
-130425,0
-112412,0
-97224,0
-85400,0
-77206,0
-72916,0
-72943,0
-77785,0
-87637,0
-101657,0
-118001,0
-134291,0
-148146,0
-157684,0
-161740,0
-160122,0
-153394,0
-142315,0
-127815,0
-111163,0
-93708,0
-76615,0
-60949,0
-47690,0
-37471,0
-30455,0
-26345,0
-24605,0
-24380,0
-24204,0
-22568,0
-18547,0
-12000,0
-3474,0
6096,0
15319,0
22727,0
27324,0
28520,0
26053,0
20103,0
11341,0
781,0
-10336,0
-20547,0
-28322,0
-32187,0
-31181,0
-25275,0
-15393,0
-3603,0
7169,0
13889,0
14103,0
6526,0
-8842,0
-30678,0
-56468,0
-83064,0
-107270,0
-126186,0
-137261,0
-138805,0
-130451,0
-112921,0
-87871,0
-57695,0
-25455,0
5550,0
32455,0
52741,0
64479,0
66657,0
59315,0
43775,0
22202,0
-2644,0
-27588,0
-49761,0
-67060,0
-78136,0
-82223,0
-79421,0
-70803,0
-58122,0
-43673,0
-29695,0
-18034,0
-10017,0
-6119,0
-6374,0
-10503,0
-17872,0
-27712,0
-39182,0
-51615,0
-64328,0
-76272,0
-86310,0
-93559,0
-97385,0
-97280,0
-93114,0
-85264,0
-74436,0
-61625,0
-47910,0
-34533,0
-22787,0
-13601,0
-7797,0
-5951,0
-8160,0
-14062,0
-22741,0
-32984,0
-43244,0
-51708,0
-56985,0
-58506,0
-56414,0
-51345,0
-44508,0
-37307,0
-30830,0
-25887,0
-22983,0
-22621,0
-25187,0
-30575,0
-38540,0
-48467,0
-59174,0
-69161,0
-76854,0
-81239,0
-81878,0
-78554,0
-71531,0
-61797,0
-50789,0
-40024,0
-30959,0
-24761,0
-21967,0
-22460,0
-25589,0
-30608,0
-36856,0
-43444,0
-49708,0
-55442,0
-60516,0
-64674,0
-67515,0
-68922,0
-69079,0
-67967,0
-65583,0
-62235,0
-58257,0
-53774,0
-48864,0
-43689,0
-38595,0
-34099,0
-30549,0
-28251,0
-27426,0
-27849,0
-29054,0
-30342,0
-30857,0
-29820,0
-26840,0
-22369,0
-17321,0
-12504,0
-8653,0
-6441,0
-6224,0
-7837,0
-10943,0
-15254,0
-20485,0
-26472,0
-33026,0
-39928,0
-46822,0
-52998,0
-57711,0
-60219,0
-60046,0
-57302,0
-52603,0
-47248,0
-42908,0
-40901,0
-41961,0
-46293,0
-53496,0
-62576,0
-72271,0
-81259,0
-88222,0
-92075,0
-92068,0
-87949,0
-79765,0
-67726,0
-52561,0
-35325,0
-17279,0
26,0
14995,0
26062,0
31899,0
31792,0
25807,0
14760,0
206,0
-15737,0
-31032,0
-44190,0
-54330,0
-61210,0
-64939,0
-66062,0
-65482,0
-63931,0
-62165,0
-60850,0
-60273,0
-60547,0
-61598,0
-63266,0
-65210,0
-66779,0
-67347,0
-66396,0
-63433,0
-58205,0
-51041,0
-42868,0
-34992,0
-28781,0
-25204,0
-24801,0
-27475,0
-32333,0
-38275,0
-44152,0
-48906,0
-51788,0
-52327,0
-50551,0
-46811,0
-41546,0
-35447,0
-29307,0
-23555,0
-18241,0
-13535,0
-9747,0
-7115,0
-5864,0
-6055,0
-7780,0
-11050,0
-15358,0
-20097,0
-24838,0
-29416,0
-33900,0
-38296,0
-42720,0
-47292,0
-51810,0
-56074,0
-60030,0
-63552,0
-66418,0
-68545,0
-70007,0
-70796,0
-70832,0
-70024,0
-68575,0
-66964,0
-65531,0
-64709,0
-65052,0
-66961,0
-70459,0
-74978,0
-79734,0
-83887,0
-86433,0
-86686,0
-84559,0
-80362,0
-74647,0
-68270,0
-62129,0
-56761,0
-52422,0
-49135,0
-46901,0
-45762,0
-45509,0
-45889,0
-46624,0
-47222,0
-46953,0
-44865,0
-40243,0
-32869,0
-22954,0
-11274,0
891,0
12125,0
21208,0
27289,0
30183,0
30404,0
28605,0
25377,0
21212,0
16527,0
11684,0
6773,0
1860,0
-2872,0
-7209,0
-10754,0
-13263,0
-14825,0
-15660,0
-16232,0
-17186,0
-19005,0
-21915,0
-26049,0
-31450,0
-38026,0
-45646,0
-54013,0
-62756,0
-71485,0
-79550,0
-86242,0
-90893,0
-93033,0
-92586,0
-89688,0
-84854,0
-78976,0
-72888,0
-67314,0
-62956,0
-60290,0
-59480,0
-60545,0
-63270,0
-67174,0
-71689,0
-76077,0
-79686,0
-82034,0
-82715,0
-81688,0
-79193,0
-75579,0
-71229,0
-66478,0
-61770,0
-57535,0
-54030,0
-51495,0
-50172,0
-50164,0
-51335,0
-53424,0
-56059,0
-58695,0
-60739,0
-61551,0
-60629,0
-57667,0
-52527,0
-45468,0
-36984,0
-27699,0
-18250,0
-9115,0
-871,0
5930,0
11033,0
14252,0
15345,0
14173,0
10763,0
5232,0
-2117,0
-10663,0
-19642,0
-28243,0
-35780,0
-41728,0
-45645,0
-47360,0
-46846,0
-44287,0
-40208,0
-35283,0
-30339,0
-26109,0
-22956,0
-20893,0
-19701,0
-19078,0
-18564,0
-17728,0
-16409,0
-14611,0
-12462,0
-10110,0
-8006,0
-6903,0
-7413,0
-10064,0
-15296,0
-23296,0
-33698,0
-45541,0
-57804,0
-69508,0
-79587,0
-87189,0
-92002,0
-94183,0
-94084,0
-92291,0
-89600,0
-86779,0
-84403,0
-82666,0
-81686,0
-81550,0
-82018,0
-82801,0
-83715,0
-84598,0
-85153,0
-84933,0
-83691,0
-81342,0
-77684,0
-72589,0
-66291,0
-59187,0
-51507,0
-43511,0
-35660,0
-28467,0
-22239,0
-16897,0
-12332,0
-8445,0
-4942,0
-1630,0
1456,0
4060,0
5797,0
6379,0
5460,0
2816,0
-1271,0
-6305,0
-11892,0
-17624,0
-23066,0
-28061,0
-32726,0
-37169,0
-41437,0
-45395,0
-48980,0
-52137,0
-54451,0
-55648,0
-55861,0
-55428,0
-54689,0
-53917,0
-53580,0
-54130,0
-55590,0
-57802,0
-60706,0
-64147,0
-67708,0
-71055,0
-74107,0
-76875,0
-79307,0
-81182,0
-82399,0
-82860,0
-82199,0
-80096,0
-76496,0
-71566,0
-65244,0
-57373,0
-48333,0
-38905,0
-29938,0
-22226,0
-16561,0
-13512,0
-13130,0
-15173,0
-19206,0
-24730,0
-31249,0
-38134,0
-44921,0
-51286,0
-56778,0
-60923,0
-63199,0
-63181,0
-60510,0
-54897,0
-46629,0
-36502,0
-25363,0
-14154,0
-4054,0
3848,0
8938,0
11007,0
10212,0
7100,0
2493,0
-2586,0
-7251,0
-10738,0
-12393,0
-11994,0
-9675,0
-5791,0
-723,0
5091,0
11015,0
16589,0
21723,0
26390,0
30223,0
32708,0
33436,0
31999,0
28131,0
21759,0
13209,0
3170,0
-7907,0
-19602,0
-31346,0
-42760,0
-53591,0
-63595,0
-72445,0
-79910,0
-86175,0
-91564,0
-96278,0
-100605,0
-104866,0
-109042,0
-112885,0
-116334,0
-119474,0
-122360,0
-124845,0
-126490,0
-126941,0
-125817,0
-122561,0
-116891,0
-108888,0
-98914,0
-87544,0
-75625,0
-64455,0
-55353,0
-49164,0
-46361,0
-47110,0
-50927,0
-56775,0
-63618,0
-70525,0
-76696,0
-81571,0
-84686,0
-85771,0
-84689,0
-81317,0
-75728,0
-68064,0
-58627,0
-47879,0
-36280,0
-24527,0
-13309,0
-3077,0
5599,0
12063,0
15905,0
17083,0
15832,0
12534,0
7535,0
1103,0
-6477,0
-15052,0
-24379,0
-34032,0
-43698,0
-52938,0
-61064,0
-67342,0
-71246,0
-72626,0
-71483,0
-67732,0
-61416,0
-52862,0
-42342,0
-29931,0
-15921,0
-981,0
14036,0
28290,0
41054,0
51581,0
59340,0
64201,0
66174,0
65489,0
62507,0
57571,0
50985,0
42867,0
33437,0
23089,0
12032,0
351,0
-11720,0
-23900,0
-36197,0
-48667,0
-61199,0
-73675,0
-85741,0
-96908,0
-106693,0
-114549,0
-120230,0
-123801,0
-125630,0
-126188,0
-125692,0
-124406,0
-122658,0
-120693,0
-118948,0
-118006,0
-118292,0
-120039,0
-123425,0
-128476,0
-134958,0
-142437,0
-150329,0
-158020,0
-164723,0
-169541,1
-171838,1
-171203,1
-167461,1
-160607,1
-150664,1
-137791,1
-122178,1
-103979,1
-83612,1
-61834,1
-39421,1
-17077,1
4390,1
24179,1
41655,1
56411,1
68210,1
76745,1
81855,1
83683,1
82449,1
78378,1
71691,1
62713,1
51949,1
40010,1
27731,1
16156,1
6095,1
-2043,1
-7949,1
-11473,1
-12843,1
-12483,1
-10859,1
-8500,1
-6027,1
-4230,1
-3590,1
-4095,1
-5661,1
-8069,1
-10949,1
-13811,1
-16041,1
-17254,1
-17289,1
-16033,1
-13531,1
-9954,1
-5355,1
287,1
6640,1
13125,1
19192,1
24252,1
27712,1
28991,1
27786,1
24112,1
17995,1
9631,1
-515,1
-11824,1
-23684,1
-35649,1
-47258,1
-57903,1
-67095,1
-74665,1
-80510,1
-84479,1
-86608,1
-87127,1
-86483,1
-85242,1
-83834,1
-82649,1
-81865,1
-81512,1
-81856,1
-83131,1
-85420,1
-88776,1
-93244,1
-98866,1
-105458,1
-112543,1
-119566,1
-126087,1
-131692,1
-135966,1
-138705,1
-139808,1
-139338,1
-137561,1
-134665,1
-130807,1
-125946,1
-119882,1
-112591,1
-104023,1
-94050,1
-82528,1
-69394,1
-54909,1
-39472,1
-23480,1
-7450,1
8049,1
22566,1
35660,1
46759,1
55476,1
61650,1
65223,1
66362,1
65135,1
61509,1
55563,1
47344,1
37002,1
24905,1
11597,1
-2325,1
-16408,1
-30215,1
-43146,1
-54669,1
-64474,1
-72300,1
-77989,1
-81555,1
-83077,1
-82800,1
-81026,1
-78065,1
-74432,1
-70554,1
-66830,1
-63835,1
-62012,1
-61627,1
-62723,1
-65119,1
-68533,1
-72539,1
-76629,1
-80293,1
-83159,1
-84897,1
-85166,1
-83934,1
-81291,1
-77305,1
-72074,1
-65595,1
-57949,1
-49217,1
-39484,1
-29192,1
-18944,1
-9343,1
-1000,1
5514,1
9784,1
11771,1
11823,1
10420,1
8019,1
5220,1
2587,1
274,1
-1765,1
-3705,1
-5760,1
-8018,1
-10644,1
-13599,1
-16627,1
-19655,1
-22674,1
-25766,1
-29129,1
-33054,1
-37856,1
-43649,1
-50404,1
-58014,1
-66271,1
-74846,1
-83335,1
-91362,1
-98554,1
-104687,1
-109656,1
-113387,1
-115917,1
-117178,1
-117065,1
-115560,1
-112655,1
-108470,1
-103165,1
-97004,1
-90409,1
-83665,1
-76940,1
-70442,1
-64387,1
-58821,1
-53604,1
-48545,1
-43380,1
-37922,1
-32052,1
-25653,1
-18874,1
-11822,1
-4430,1
3145,1
10503,1
17104,1
22491,1
26305,1
28122,1
27641,1
24871,1
19932,1
12976,1
4473,1
-4930,1
-14732,1
-24522,1
-33947,1
-42529,1
-49650,1
-54804,1
-57475,1
-57278,1
-54189,1
-48489,1
-40641,1
-31074,1
-20377,1
-9452,1
799,1
9691,1
16747,1
21648,1
24415,1
25304,1
24497,1
22222,1
18647,1
13868,1
8120,1
1473,1
-6005,1
-14113,1
-22672,1
-31265,1
-39370,1
-46554,1
-52450,1
-56916,1
-60000,1
-61804,1
-62522,1
-62467,1
-61816,1
-60553,1
-58712,1
-56314,1
-53384,1
-50025,1
-46503,1
-43336,1
-40952,1
-39675,1
-39859,1
-41683,1
-45181,1
-50319,1
-56976,1
-65015,1
-74220,1
-84179,1
-94473,1
-104763,1
-114567,1
-123315,1
-130573,1
-136020,1
-139454,1
-140820,1
-140230,1
-137899,1
-133852,1
-128005,1
-120481,1
-111598,1
-101728,1
-91201,1
-80437,1
-69973,1
-60207,1
-51294,1
-43318,1
-36360,1
-30358,1
-25151,1
-20552,1
-16312,1
-12262,1
-8317,1
-4474,1
-923,1
2215,1
4865,1
6838,1
7980,1
8190,1
7546,1
6232,1
4304,1
1966,1
-353,1
-2333,1
-3809,1
-4616,1
-4655,1
-3932,1
-2467,1
-337,1
2369,1
5496,1
8664,1
11515,1
13708,1
14858,1
14793,1
13546,1
11309,1
8253,1
4370,1
-336,1
-5719,1
-11690,1
-18300,1
-25526,1
-33302,1
-41661,1
-50630,1
-60180,1
-70210,1
-80595,1
-91271,1
-102002,1
-112424,1
-122195,1
-130920,1
-138169,1
-143453,1
-146384,1
-146880,1
-145041,1
-141131,1
-135649,1
-129234,1
-122391,1
-115377,1
-108348,1
-101317,1
-94142,1
-86660,1
-78745,1
-70473,1
-62010,1
-53563,1
-45492,1
-38124,1
-31586,1
-25704,1
-20168,1
-14775,1
-9254,1
-3260,1
3302,1
10239,1
17305,1
24144,1
30155,1
34709,1
37351,1
37908,1
36415,1
32927,1
27651,1
20830,1
12607,1
3198,1
-7070,1
-17821,1
-28737,1
-39574,1
-50042,1
-59827,1
-68840,1
-77179,1
-84803,1
-91640,1
-97703,1
-102958,1
-107386,1
-110935,1
-113585,1
-115402,1
-116288,1
-116151,1
-115088,1
-113245,1
-110636,1
-107117,1
-102647,1
-97264,1
-90867,1
-83296,1
-74536,1
-64714,1
-53857,1
-42011,1
-29467,1
-16587,1
-3767,1
8552,1
19955,1
30077,1
38838,1
46276,1
52304,1
56919,1
60234,1
62471,1
63800,1
64207,1
63739,1
62579,1
60860,1
58686,1
56292,1
53811,1
51118,1
48004,1
44150,1
39305,1
33342,1
26122,1
17783,1
8612,1
-1253,1
-11674,1
-22479,1
-33424,1
-44357,1
-55305,1
-66265,1
-77092,1
-87562,1
-97461,1
-106402,1
-114026,1
-120305,1
-125228,1
-128818,1
-131165,1
-132393,1
-132878,1
-132911,1
-132655,1
-132351,1
-132115,1
-131905,1
-131573,1
-131015,1
-130253,1
-129109,1
-127269,1
-124618,1
-121147,1
-116822,1
-111669,1
-105870,1
-99634,1
-93111,1
-86364,1
-79358,1
-72034,1
-64216,1
-55655,1
-46183,1
-35773,1
-24524,1
-12595,1
-368,1
11590,1
22858,1
33193,1
42395,1
50296,1
56886,1
62223,1
66206,1
68686,1
69542,1
68695,1
66089,1
61628,1
55415,1
47644,1
38474,1
28213,1
17268,1
6020,1
-5333,1
-16755,1
-28165,1
-39429,1
-50434,1
-61056,1
-71036,1
-80062,1
-87986,1
-94743,1
-100297,1
-104620,1
-107786,1
-109997,1
-111294,1
-111665,1
-111260,1
-110257,1
-108769,1
-106831,1
-104504,1
-101901,1
-99075,1
-96030,1
-92926,1
-89972,1
-87116,1
-84268,1
-81471,1
-78679,1
-75793,1
-72675,1
-69320,1
-65991,1
-62842,1
-59967,1
-57522,1
-55585,1
-54184,1
-53167,1
-52369,1
-51748,1
-51141,1
-50368,1
-49412,1
-48312,1
-47023,1
-45494,1
-43792,1
-41969,1
-40083,1
-38140,1
-36097,1
-33975,1
-31565,1
-28578,1
-24958,1
-20790,1
-16191,1
-11246,1
-6157,1
-1259,1
3218,1
7176,1
10503,1
13207,1
15529,1
17654,1
19583,1
21281,1
22693,1
23851,1
24788,1
25437,1
25823,1
25962,1
25780,1
25186,1
24162,1
22840,1
21269,1
19340,1
17007,1
14304,1
11188,1
7601,1
3623,1
-675,1
-5300,1
-10219,1
-15420,1
-20899,1
-26712,1
-32997,1
-39680,1
-46613,1
-53688,1
-60708,1
-67424,1
-73580,1
-79135,1
-84335,1
-89459,1
-94742,1
-100469,1
-106892,1
-114011,1
-121702,1
-129864,1
-138214,1
-146390,1
-153998,1
-160767,1
-166707,1
-171700,1
-175644,1
-178589,1
-180435,1
-181005,1
-180077,1
-177592,1
-173669,1
-168305,1
-161489,1
-153365,1
-144172,1
-134034,1
-123069,1
-111482,1
-99360,1
-86775,1
-73717,1
-60196,1
-46405,1
-32392,1
-18263,1
-4265,1
9369,1
22445,1
34874,1
46491,1
57108,1
66707,1
75332,1
82896,1
89175,1
94077,1
97614,1
99699,1
100323,1
99594,1
97748,1
95033,1
91530,1
87405,1
82822,1
77777,1
72219,1
66165,1
59789,1
53280,1
46775,1
40419,1
34299,1
28309,1
22203,1
15876,1
9278,1
2254,1
-5246,1
-13207,1
-21481,1
-29879,1
-38373,1
-46815,1
-55070,1
-63117,1
-70901,1
-78329,1
-85181,1
-91421,1
-97197,1
-102515,1
-107362,1
-111745,1
-115635,1
-118874,1
-121277,1
-122852,1
-123633,1
-123682,1
-123067,1
-121864,1
-120218,1
-118122,1
-115592,1
-112750,1
-109658,1
-106323,1
-102628,1
-98523,1
-94058,1
-89133,1
-83634,1
-77609,1
-71230,1
-64628,1
-57938,1
-51396,1
-45235,1
-39590,1
-34390,1
-29596,1
-25291,1
-21366,1
-17805,1
-14794,1
-12480,1
-10914,1
-9923,1
-9374,1
-9251,1
-9393,1
-9685,1
-10208,1
-11045,1
-12165,1
-13546,1
-15253,1
-17344,1
-19847,1
-22724,1
-25987,1
-29678,1
-33729,1
-38189,1
-43210,1
-48971,1
-55564,1
-62869,1
-70827,1
-79396,1
-88372,1
-97540,1
-106783,1
-115930,1
-124615,1
-132452,1
-139128,1
-144342,1
-147860,0
-149480,0
-149170,0
-147076,0
-143268,0
-137916,0
-131350,0
-123857,0
-115587,0
-106621,0
-97136,0
-87356,0
-77328,0
-66980,0
-56379,0
-45563,0
-34449,0
-23119,0
-11795,0
-688,0
10049,0
20429,0
30436,0
39987,0
49168,0
58003,0
66323,0
73904,0
80534,0
86132,0
90568,0
93625,0
95273,0
95580,0
94489,0
91975,0
88285,0
83643,0
78081,0
71685,0
64534,0
56724,0
48279,0
39171,0
29596,0
19748,0
9712,0
-424,0
-10583,0
-20715,0
-30917,0
-41294,0
-51761,0
-62055,0
-71972,0
-81390,0
-90066,0
-97819,0
-104562,0
-110186,0
-114612,0
-117647,0
-119202,0
-119354,0
-118096,0
-115627,0
-112329,0
-108592,0
-104766,0
-101007,0
-97502,0
-94381,0
-91477,0
-88578,0
-85646,0
-82721,0
-79765,0
-76837,0
-74012,0
-71198,0
-68280,0
-65098,0
-61646,0
-58074,0
-54382,0
-50665,0
-47126,0
-43980,0
-41434,0
-39589,0
-38605,0
-38591,0
-39404,0
-40824,0
-42768,0
-45136,0
-47712,0
-50360,0
-52998,0
-55534,0
-57870,0
-59809,0
-61293,0
-62369,0
-62999,0
-63284,0
-63448,0
-63696,0
-64064,0
-64389,0
-64576,0
-64548,0
-64136,0
-63176,0
-61632,0
-59532,0
-56758,0
-53270,0
-49210,0
-44710,0
-39913,0
-34851,0
-29618,0
-24407,0
-19285,0
-14428,0
-10095,0
-6449,0
-3493,0
-1072,0
817,0
2112,0
2864,0
3085,0
2691,0
1619,0
-30,0
-2209,0
-4998,0
-8432,0
-12520,0
-17122,0
-22128,0
-27529,0
-33081,0
-38534,0
-43753,0
-48612,0
-52998,0
-56713,0
-59693,0
-62045,0
-63778,0
-64908,0
-65552,0
-65754,0
-65390,0
-64356,0
-62679,0
-60380,0
-57492,0
-54101,0
-50460,0
-46914,0
-43652,0
-40867,0
-38743,0
-37335,0
-36525,0
-36037,0
-35741,0
-35616,0
-35504,0
-35337,0
-35286,0
-35513,0
-36099,0
-37149,0
-38774,0
-41016,0
-43796,0
-46902,0
-50181,0
-53522,0
-56657,0
-59363,0
-61561,0
-63200,0
-64185,0
-64423,0
-63988,0
-63043,0
-61647,0
-59827,0
-57720,0
-55405,0
-52723,0
-49556,0
-45870,0
-41633,0
-36899,0
-31706,0
-26228,0
-20715,0
-15210,0
-9836,0
-4846,0
-468,0
3121,0
5831,0
7602,0
8469,0
8608,0
8193,0
7211,0
5574,0
3330,0
515,0
-2839,0
-6684,0
-10975,0
-15512,0
-20246,0
-25227,0
-30318,0
-35462,0
-40551,0
-45367,0
-49678,0
-53244,0
-56086,0
-58378,0
-60227,0
-61755,0
-63201,0
-64718,0
-66248,0
-67751,0
-69190,0
-70465,0
-71474,0
-72070,0
-72218,0
-72006,0
-71454,0
-70645,0
-69789,0
-69093,0
-68593,0
-68264,0
-68216,0
-68563,0
-69290,0
-70314,0
-71606,0
-73096,0
-74511,0
-75653,0
-76463,0
-76889,0
-76957,0
-76625,0
-75886,0
-74823,0
-73356,0
-71460,0
-69242,0
-66807,0
-64196,0
-61352,0
-58326,0
-55197,0
-51892,0
-48403,0
-44851,0
-41334,0
-37835,0
-34309,0
-30815,0
-27441,0
-24227,0
-21190,0
-18459,0
-16165,0
-14250,0
-12663,0
-11470,0
-10764,0
-10526,0
-10698,0
-11354,0
-12573,0
-14259,0
-16239,0
-18506,0
-21016,0
-23553,0
-26055,0
-28540,0
-30993,0
-33405,0
-35708,0
-37974,0
-40260,0
-42370,0
-44150,0
-45518,0
-46373,0
-46592,0
-46120,0
-45177,0
-44133,0
-43265,0
-42770,0
-42894,0
-43729,0
-45043,0
-46590,0
-48124,0
-49380,0
-50193,0
-50385,0
-50046,0
-49415,0
-48561,0
-47618,0
-46644,0
-45559,0
-44169,0
-42212,0
-39712,0
-36828,0
-33659,0
-30342,0
-27063,0
-23952,0
-20937,0
-17930,0
-14975,0
-12098,0
-9292,0
-6553,0
-4013,0
-1800,0
119,0
1707,0
2858,0
3461,0
3490,0
3007,0
1925,0
180,0
-2137,0
-4924,0
-8183,0
-11885,0
-15815,0
-19886,0
-24142,0
-28615,0
-33399,0
-38528,0
-44081,0
-50033,0
-56109,0
-62060,0
-67672,0
-72742,0
-76993,0
-80161,0
-82239,0
-83304,0
-83459,0
-82938,0
-82099,0
-81279,0
-80604,0
-80185,0
-80131,0
-80424,0
-80990,0
-81692,0
-82487,0
-83332,0
-84046,0
-84546,0
-84802,0
-84816,0
-84588,0
-84074,0
-83386,0
-82668,0
-81903,0
-81058,0
-80207,0
-79330,0
-78215,0
-76704,0
-74733,0
-72309,0
-69441,0
-66103,0
-62421,0
-58487,0
-54219,0
-49594,0
-44661,0
-39546,0
-34328,0
-29084,0
-24100,0
-19679,0
-15911,0
-12853,0
-10673,0
-9374,0
-8729,0
-8541,0
-8598,0
-8735,0
-8896,0
-9045,0
-9383,0
-10170,0
-11477,0
-13394,0
-15980,0
-19225,0
-22957,0
-26915,0
-31038,0
-35244,0
-39319,0
-43089,0
-46445,0
-49256,0
-51263,0
-52301,0
-52366,0
-51498,0
-49825,0
-47490,0
-44780,0
-42010,0
-39278,0
-36699,0
-34431,0
-32535,0
-30929,0
-29478,0
-28168,0
-26996,0
-25827,0
-24574,0
-23321,0
-22103,0
-20866,0
-19686,0
-18733,0
-18146,0
-17960,0
-18174,0
-18827,0
-19818,0
-20921,0
-22024,0
-23197,0
-24573,0
-26175,0
-27937,0
-29864,0
-32036,0
-34390,0
-36789,0
-39226,0
-41583,0
-43687,0
-45608,0
-47492,0
-49426,0
-51374,0
-53203,0
-54944,0
-56589,0
-57978,0
-58997,0
-59556,0
-59697,0
-59473,0
-58908,0
-58149,0
-57309,0
-56408,0
-55457,0
-54515,0
-53536,0
-52301,0
-50729,0
-48893,0
-46881,0
-44786,0
-42671,0
-40724,0
-39068,0
-37626,0
-36396,0
-35462,0
-34960,0
-34948,0
-35400,0
-36459,0
-38245,0
-40669,0
-43582,0
-46842,0
-50204,0
-53284,0
-55868,0
-57887,0
-59262,0
-59979,0
-60045,0
-59704,0
-59215,0
-58649,0
-58117,0
-57670,0
-57331,0
-56971,0
-56348,0
-55428,0
-54175,0
-52554,0
-50688,0
-48849,0
-47225,0
-45733,0
-44372,0
-43230,0
-42308,0
-41571,0
-40895,0
-40324,0
-39927,0
-39581,0
-39262,0
-38992,0
-38774,0
-38512,0
-38090,0
-37583,0
-37046,0
-36454,0
-35843,0
-35330,0
-34884,0
-34351,0
-33784,0
-33267,0
-32834,0
-32516,0
-32284,0
-32295,0
-32621,0
-33136,0
-33808,0
-34590,0
-35473,0
-36421,0
-37371,0
-38447,0
-39753,0
-41239,0
-42887,0
-44774,0
-46827,0
-48792,0
-50518,0
-51907,0
-52898,0
-53487,0
-53689,0
-53718,0
-53701,0
-53571,0
-53359,0
-53110,0
-52866,0
-52563,0
-52081,0
-51492,0
-50858,0
-50169,0
-49457,0
-48797,0
-48159,0
-47372,0
-46447,0
-45462,0
-44363,0
-43072,0
-41460,0
-39539,0
-37370,0
-34939,0
-32355,0
-29832,0
-27603,0
-25705,0
-24088,0
-22816,0
-21874,0
-21157,0
-20598,0
-20282,0
-20227,0
-20272,0
-20434,0
-20740,0
-21079,0
-21378,0
-21538,0
-21618,0
-21717,0
-21801,0
-21950,0
-22288,0
-22904,0
-23758,0
-24738,0
-25886,0
-27202,0
-28536,0
-29846,0
-31226,0
-32713,0
-34293,0
-36063,0
-38120,0
-40501,0
-43159,0
-45949,0
-48873,0
-51854,0
-54697,0
-57388,0
-59951,0
-62421,0
-64757,0
-66884,0
-68857,0
-70698,0
-72365,0
-73860,0
-75266,0
-76564,0
-77611,0
-78388,0
-78866,0
-78924,0
-78472,0
-77436,0
-75911,0
-74036,0
-71863,0
-69528,0
-67213,0
-65057,0
-63007,0
-60946,0
-58944,0
-57013,0
-55034,0
-52978,0
-50930,0
-48887,0
-46731,0
-44427,0
-42003,0
-39538,0
-37129,0
-34816,0
-32807,0
-31214,0
-29956,0
-29085,0
-28626,0
-28498,0
-28553,0
-28669,0
-28869,0
-29137,0
-29324,0
-29314,0
-29109,0
-28593,0
-27546,0
-25944,0
-23853,0
-21439,0
-18894,0
-16315,0
-13973,0
-12029,0
-10452,0
-9345,0
-8735,0
-8596,0
-8806,0
-9212,0
-9848,0
-10700,0
-11649,0
-12656,0
-13813,0
-15139,0
-16507,0
-17927,0
-19460,0
-21113,0
-22902,0
-24765,0
-26767,0
-28954,0
-31180,0
-33468,0
-35906,0
-38499,0
-41219,0
-44034,0
-47026,0
-50221,0
-53509,0
-56832,0
-60190,0
-63466,0
-66470,0
-69157,0
-71512,0
-73552,0
-75312,0
-76741,0
-77920,0
-78843,0
-79297,0
-79186,0
-78505,0
-77227,0
-75277,0
-72672,0
-69610,0
-66258,0
-62681,0
-59003,0
-55484,0
-52265,0
-49288,0
-46572,0
-44151,0
-41982,0
-39971,0
-38022,0
-36171,0
-34361,0
-32452,0
-30458,0
-28456,0
-26552,0
-24762,0
-23104,0
-21748,0
-20749,0
-20019,0
-19591,0
-19618,0
-20156,0
-21118,0
-22468,0
-24179,0
-26178,0
-28338,0
-30478,0
-32618,0
-34752,0
-36758,0
-38740,0
-40840,0
-43137,0
-45639,0
-48298,0
-51177,0
-54239,0
-57241,0
-60039,0
-62720,0
-65268,0
-67544,0
-69598,0
-71499,0
-73268,0
-74879,0
-76154,0
-77045,0
-77493,0
-77316,0
-76486,0
-75041,0
-73019,0
-70432,0
-67354,0
-64033,0
-60711,0
-57550,0
-54761,0
-52633,0
-51247,0
-50446,0
-50104,0
-50047,0
-50074,0
-49968,0
-49496,0
-48651,0
-47452,0
-45881,0
-44123,0
-42396,0
-40840,0
-39433,0
-38072,0
-36741,0
-35358,0
-33770,0
-31929,0
-29915,0
-27718,0
-25231,0
-22517,0
-19688,0
-16863,0
-14130,0
-11502,0
-9193,0
-7275,0
-5664,0
-4469,0
-3742,0
-3461,0
-3495,0
-3667,0
-3951,0
-4249,0
-4386,0
-4351,0
-4350,0
-4525,0
-4850,0
-5407,0
-6245,0
-7335,0
-8598,0
-9840,0
-11062,0
-12239,0
-13257,0
-14245,0
-15347,0
-16623,0
-18111,0
-19851,0
-21993,0
-24617,0
-27602,0
-30866,0
-34451,0
-38233,0
-41985,0
-45621,0
-49053,0
-52220,0
-55103,0
-57651,0
-60034,0
-62397,0
-64798,0
-67441,0
-70446,0
-73748,0
-77101,0
-80272,0
-83200,0
-85806,0
-87946,0
-89574,0
-90790,0
-91593,0
-91922,0
-91893,0
-91611,0
-91183,0
-90691,0
-90113,0
-89557,0
-88960,0
-88117,0
-87052,0
-85759,0
-84171,0
-82159,0
-79587,0
-76533,0
-73081,0
-69226,0
-65100,0
-60958,0
-56926,0
-53009,0
-49367,0
-46135,0
-43324,0
-40901,0
-38714,0
-36706,0
-34733,0
-32547,0
-30132,0
-27539,0
-24840,0
-22039,0
-19124,0
-16248,0
-13489,0
-10816,0
-8314,0
-6221,0
-4660,0
-3589,0
-3096,0
-3209,0
-3858,0
-4961,0
-6338,0
-7938,0
-9669,0
-11384,0
-13123,0
-14999,0
-17137,0
-19500,0
-21989,0
-24576,0
-27107,0
-29369,0
-31266,0
-32876,0
-34234,0
-35326,0
-36316,0
-37363,0
-38584,0
-40027,0
-41613,0
-43345,0
-45090,0
-46565,0
-47659,0
-48310,0
-48461,0
-48020,0
-46998,0
-45618,0
-44029,0
-42292,0
-40583,0
-39122,0
-37943,0
-36935,0
-36102,0
-35450,0
-34942,0
-34503,0
-34017,0
-33541,0
-33079,0
-32567,0
-32145,0
-31972,0
-32165,0
-32717,0
-33586,0
-34811,0
-36319,0
-37940,0
-39597,0
-41370,0
-43242,0
-45089,0
-46979,0
-48986,0
-51102,0
-53238,0
-55253,0
-57204,0
-59064,0
-60746,0
-62409,0
-64190,0
-66109,0
-68052,0
-69884,0
-71636,0
-73290,0
-74728,0
-75936,0
-77020,0
-77970,0
-78709,0
-79305,0
-79810,0
-80221,0
-80417,0
-80205,0
-79557,0
-78359,0
-76521,0
-74209,0
-71638,0
-69009,0
-66412,0
-63919,0
-61650,0
-59530,0
-57400,0
-55184,0
-52891,0
-50444,0
-47655,0
-44515,0
-41097,0
-37449,0
-33606,0
-29587,0
-25539,0
-21475,0
-17345,0
-13242,0
-9272,0
-5541,0
-2041,0
1171,0
3906,0
6137,0
7889,0
9087,0
9554,0
9282,0
8426,0
7006,0
5099,0
2822,0
278,0
-2458,0
-5504,0
-8831,0
-12345,0
-16107,0
-20136,0
-24392,0
-28674,0
-32805,0
-36762,0
-40436,0
-43695,0
-46550,0
-49135,0
-51423,0
-53287,0
-54786,0
-55999,0
-57010,0
-57828,0
-58422,0
-58928,0
-59306,0
-59463,0
-59486,0
-59478,0
-59514,0
-59492,0
-59340,0
-59111,0
-58722,0
-58032,0
-57036,0
-55836,0
-54406,0
-52689,0
-50817,0
-48937,0
-47186,0
-45585,0
-44063,0
-42722,0
-41497,0
-40257,0
-39055,0
-37945,0
-36992,0
-36124,0
-35320,0
-34750,0
-34403,0
-34182,0
-34074,0
-34118,0
-34282,0
-34465,0
-34746,0
-35211,0
-35865,0
-36671,0
-37547,0
-38558,0
-39640,0
-40620,0
-41514,0
-42361,0
-43135,0
-43743,0
-44171,0
-44560,0
-44958,0
-45319,0
-45690,0
-46214,0
-46868,0
-47563,0
-48395,0
-49395,0
-50562,0
-51854,0
-53169,0
-54570,0
-55936,0
-57060,0
-57932,0
-58570,0
-59032,0
-59286,0
-59351,0
-59386,0
-59419,0
-59361,0
-59197,0
-59005,0
-58714,0
-58176,0
-57445,0
-56600,0
-55680,0
-54688,0
-53559,0
-52369,0
-51137,0
-49792,0
-48377,0
-46962,0
-45570,0
-44108,0
-42590,0
-41163,0
-39816,0
-38477,0
-37186,0
-36058,0
-35111,0
-34293,0
-33655,0
-33220,0
-32989,0
-32848,0
-32680,0
-32597,0
-32504,0
-32267,0
-31970,0
-31619,0
-31233,0
-30787,0
-30285,0
-29872,0
-29588,0
-29410,0
-29420,0
-29758,0
-30353,0
-31036,0
-31786,0
-32503,0
-33117,0
-33582,0
-33815,0
-33941,0
-33992,0
-33925,0
-33898,0
-34047,0
-34457,0
-35151,0
-36123,0
-37488,0
-39244,0
-41215,0
-43354,0
-45679,0
-48060,0
-50363,0
-52531,0
-54493,0
-56153,0
-57341,0
-57959,0
-58095,0
-57713,0
-56815,0
-55606,0
-54313,0
-53117,0
-52007,0
-50959,0
-50020,0
-49099,0
-48058,0
-46878,0
-45659,0
-44377,0
-42956,0
-41492,0
-40013,0
-38558,0
-37124,0
-35649,0
-34241,0
-32844,0
-31336,0
-29782,0
-28227,0
-26722,0
-25232,0
-23770,0
-22465,0
-21275,0
-20077,0
-18903,0
-17851,0
-16869,0
-15895,0
-15028,0
-14308,0
-13703,0
-13106,0
-12436,0
-11815,0
-11239,0
-10657,0
-10196,0
-10009,0
-10208,0
-10795,0
-11809,0
-13371,0
-15436,0
-17842,0
-20549,0
-23554,0
-26665,0
-29704,0
-32695,0
-35672,0
-38666,0
-41668,0
-44667,0
-47825,0
-51158,0
-54569,0
-58067,0
-61656,0
-65320,0
-68933,0
-72460,0
-75990,0
-79429,0
-82619,0
-85527,0
-88159,0
-90388,0
-92060,0
-93190,0
-93844,0
-94131,0
-94132,0
-93938,0
-93724,0
-93466,0
-93074,0
-92607,0
-92107,0
-91518,0
-90770,0
-89838,0
-88676,0
-87255,0
-85489,0
-83333,0
-80906,0
-78164,0
-75011,0
-71571,0
-67953,0
-64237,0
-60442,0
-56591,0
-52793,0
-48982,0
-45102,0
-41262,0
-37558,0
-34048,0
-30666,0
-27400,0
-24389,0
-21613,0
-18942,0
-16337,0
-13819,0
-11304,0
-8696,0
-6092,0
-3651,0
-1527,0
182,0
1369,0
1844,0
1664,0
989,0
-158,0
-1707,0
-3496,0
-5281,0
-6958,0
-8559,0
-10013,0
-11269,0
-12418,0
-13630,0
-14897,0
-16160,0
-17528,0
-19041,0
-20698,0
-22417,0
-24085,0
-25748,0
-27350,0
-28849,0
-30336,0
-31875,0
-33446,0
-34895,0
-36232,0
-37602,0
-39019,0
-40449,0
-41931,0
-43528,0
-45132,0
-46615,0
-48020,0
-49347,0
-50562,0
-51575,0
-52316,0
-52861,0
-53160,0
-53134,0
-52878,0
-52463,0
-51860,0
-51039,0
-50073,0
-49096,0
-48150,0
-47207,0
-46390,0
-45891,0
-45688,0
-45717,0
-46034,0
-46635,0
-47469,0
-48385,0
-49237,0
-50027,0
-50611,0
-50873,0
-50896,0
-50782,0
-50640,0
-50438,0
-50206,0
-50104,0
-50111,0
-50145,0
-50235,0
-50444,0
-50665,0
-50762,0
-50813,0
-50900,0
-51071,0
-51310,0
-51549,0
-51832,0
-52036,0
-51987,0
-51674,0
-51127,0
-50386,0
-49477,0
-48580,0
-47956,0
-47671,0
-47678,0
-47974,0
-48598,0
-49411,0
-50221,0
-50991,0
-51664,0
-52208,0
-52542,0
-52614,0
-52504,0
-52124,0
-51437,0
-50565,0
-49589,0
-48580,0
-47502,0
-46387,0
-45365,0
-44426,0
-43485,0
-42574,0
-41798,0
-41067,0
-40277,0
-39467,0
-38601,0
-37671,0
-36660,0
-35607,0
-34656,0
-33766,0
-32888,0
-32098,0
-31458,0
-30963,0
-30505,0
-30062,0
-29718,0
-29459,0
-29259,0
-29212,0
-29400,0
-29755,0
-30183,0
-30670,0
-31232,0
-31862,0
-32433,0
-32925,0
-33436,0
-33853,0
-34080,0
-34213,0
-34374,0
-34598,0
-34817,0
-35067,0
-35439,0
-35888,0
-36342,0
-36822,0
-37324,0
-37659,0
-37646,0
-37274,0
-36596,0
-35708,0
-34694,0
-33729,0
-33045,0
-32663,0
-32579,0
-32831,0
-33386,0
-34135,0
-34888,0
-35626,0
-36439,0
-37330,0
-38276,0
-39319,0
-40506,0
-41698,0
-42785,0
-43884,0
-45054,0
-46296,0
-47495,0
-48539,0
-49484,0
-50220,0
-50640,0
-50794,0
-50714,0
-50439,0
-49938,0
-49315,0
-48812,0
-48441,0
-48158,0
-48055,0
-48167,0
-48392,0
-48660,0
-49000,0
-49412,0
-49874,0
-50270,0
-50526,0
-50732,0
-50833,0
-50790,0
-50728,0
-50765,0
-50961,0
-51225,0
-51539,0
-51968,0
-52360,0
-52531,0
-52488,0
-52290,0
-51850,0
-51109,0
-50167,0
-49111,0
-48010,0
-46797,0
-45467,0
-44174,0
-42846,0
-41456,0
-40135,0
-38961,0
-37977,0
-37094,0
-36342,0
-35803,0
-35334,0
-34814,0
-34248,0
-33728,0
-33235,0
-32709,0
-32267,0
-31933,0
-31702,0
-31548,0
-31432,0
-31440,0
-31548,0
-31744,0
-32133,0
-32811,0
-33777,0
-34854,0
-36005,0
-37260,0
-38478,0
-39536,0
-40446,0
-41286,0
-42018,0
-42618,0
-43196,0
-43820,0
-44559,0
-45381,0
-46242,0
-47217,0
-48169,0
-48991,0
-49738,0
-50425,0
-51033,0
-51427,0
-51582,0
-51626,0
-51566,0
-51438,0
-51391,0
-51532,0
-51798,0
-52143,0
-52633,0
-53244,0
-53931,0
-54547,0
-55009,0
-55396,0
-55586,0
-55512,0
-55245,0
-54852,0
-54368,0
-53724,0
-53007,0
-52364,0
-51762,0
-51164,0
-50594,0
-50037,0
-49309,0
-48255,0
-46872,0
-45219,0
-43394,0
-41394,0
-39304,0
-37303,0
-35362,0
-33485,0
-31767,0
-30283,0
-29021,0
-27814,0
-26673,0
-25698,0
-24793,0
-23909,0
-23138,0
-22559,0
-22102,0
-21729,0
-21512,0
-21435,0
-21531,0
-21788,0
-22204,0
-22851,0
-23563,0
-24226,0
-24885,0
-25562,0
-26282,0
-26969,0
-27644,0
-28406,0
-29238,0
-30135,0
-31207,0
-32574,0
-34165,0
-35879,0
-37736,0
-39712,0
-41753,0
-43757,0
-45703,0
-47654,0
-49469,0
-51063,0
-52462,0
-53638,0
-54562,0
-55132,0
-55394,0
-55548,0
-55639,0
-55654,0
-55652,0
-55686,0
-55672,0
-55544,0
-55402,0
-55282,0
-55158,0
-54965,0
-54674,0
-54339,0
-53818,0
-53007,0
-51964,0
-50748,0
-49396,0
-47912,0
-46443,0
-45114,0
-43844,0
-42568,0
-41343,0
-40233,0
-39153,0
-38051,0
-36973,0
-35909,0
-34855,0
-33728,0
-32544,0
-31415,0
-30272,0
-29149,0
-28192,0
-27509,0
-27155,0
-27091,0
-27416,0
-28245,0
-29520,0
-31173,0
-33227,0
-35677,0
-38335,0
-41085,0
-43880,0
-46595,0
-49153,0
-51431,0
-53429,0
-55243,0
-56787,0
-58052,0
-59098,0
-59974,0
-60710,0
-61250,0
-61698,0
-62180,0
-62650,0
-63078,0
-63488,0
-63870,0
-64042,0
-63874,0
-63428,0
-62716,0
-61740,0
-60458,0
-58911,0
-57246,0
-55433,0
-53505,0
-51584,0
-49746,0
-48013,0
-46304,0
-44644,0
-43103,0
-41614,0
-40087,0
-38614,0
-37276,0
-35937,0
-34560,0
-33211,0
-31889,0
-30589,0
-29210,0
-27762,0
-26312,0
-24742,0
-23065,0
-21418,0
-19954,0
-18777,0
-17879,0
-17366,0
-17321,0
-17665,0
-18277,0
-19142,0
-20218,0
-21332,0
-22477,0
-23680,0
-24904,0
-26159,0
-27339,0
-28500,0
-29784,0
-31108,0
-32442,0
-33848,0
-35392,0
-37075,0
-38793,0
-40581,0
-42498,0
-44439,0
-46284,0
-48070,0
-49863,0
-51564,0
-53128,0
-54602,0
-55999,0
-57337,0
-58524,0
-59590,0
-60589,0
-61301,0
-61658,0
-61739,0
-61565,0
-61127,0
-60290,0
-59050,0
-57527,0
-55698,0
-53598,0
-51424,0
-49296,0
-47182,0
-45099,0
-43173,0
-41504,0
-40115,0
-38931,0
-37936,0
-37141,0
-36390,0
-35556,0
-34650,0
-33745,0
-32874,0
-32026,0
-31304,0
-30831,0
-30613,0
-30612,0
-30893,0
-31485,0
-32179,0
-32825,0
-33415,0
-33939,0
-34404,0
-34723,0
-34923,0
-35089,0
-35116,0
-34995,0
-34829,0
-34693,0
-34606,0
-34579,0
-34791,0
-35405,0
-36394,0
-37692,0
-39296,0
-41128,0
-42940,0
-44541,0
-45857,0
-46822,0
-47396,0
-47531,0
-47361,0
-47106,0
-46800,0
-46507,0
-46316,0
-46286,0
-46413,0
-46592,0
-46860,0
-47280,0
-47749,0
-48172,0
-48596,0
-49032,0
-49303,0
-49315,0
-49073,0
-48604,0
-47994,0
-47209,0
-46355,0
-45593,0
-44902,0
-44354,0
-44056,0
-44089,0
-44404,0
-44822,0
-45328,0
-45903,0
-46392,0
-46717,0
-46931,0
-47129,0
-47271,0
-47334,0
-47442,0
-47663,0
-47991,0
-48355,0
-48721,0
-49107,0
-49392,0
-49528,0
